Workbook

Sheet Budget_vs_Actual
A1: Budget vs Actual — by Department
A2: 24-month window (2024-09 → 2026-08). Budget is a documented planning assumption (see scripts/build_excel_companion.py); Actual and Variance are live formulas over the Invoices sheet, which is an unmodified Gold-layer export.
A4: Department | B4: Budget | C4: Actual | D4: Variance | E4: Variance %
A5: Manufacturing | B5: 2900000 | C5: =SUMIF(Invoices!$Q$2:$Q$673,$A5,Invoices!$M$2:$M$673) | D5: =C5-B5 | E5: =IFERROR(D5/B5,0)
A6: IT | B6: 2250000 | C6: =SUMIF(Invoices!$Q$2:$Q$673,$A6,Invoices!$M$2:$M$673) | D6: =C6-B6 | E6: =IFERROR(D6/B6,0)
A7: HR | B7: 600000 | C7: =SUMIF(Invoices!$Q$2:$Q$673,$A7,Invoices!$M$2:$M$673) | D7: =C7-B7 | E7: =IFERROR(D7/B7,0)
A8: Corporate | B8: 650000 | C8: =SUMIF(Invoices!$Q$2:$Q$673,$A8,Invoices!$M$2:$M$673) | D8: =C8-B8 | E8: =IFERROR(D8/B8,0)
A9: Finance | B9: 400000 | C9: =SUMIF(Invoices!$Q$2:$Q$673,$A9,Invoices!$M$2:$M$673) | D9: =C9-B9 | E9: =IFERROR(D9/B9,0)
A10: Logistics | B10: 175000 | C10: =SUMIF(Invoices!$Q$2:$Q$673,$A10,Invoices!$M$2:$M$673) | D10: =C10-B10 | E10: =IFERROR(D10/B10,0)
A11: Facilities | B11: 12000 | C11: =SUMIF(Invoices!$Q$2:$Q$673,$A11,Invoices!$M$2:$M$673) | D11: =C11-B11 | E11: =IFERROR(D11/B11,0)
A12: Total | B12: =SUM(B5:B11) | C12: =SUM(C5:C11) | D12: =C12-B12 | E12: =IFERROR(D12/B12,0)

Sheet GL_Accounts
A1: ACCOUNT_KEY | B1: ACCOUNT_ID | C1: ACCOUNT_NAME | D1: COST_CENTER | E1: DEPARTMENT
A2: 1 | B2: 60100 | C2: Raw Materials Purchases | D2: CC-1010 | E2: Manufacturing
A3: 2 | B3: 60110 | C3: Direct Materials - Steel | D3: CC-1010 | E3: Manufacturing
A4: 3 | B4: 60120 | C4: Direct Materials - Polymers | D4: CC-1020 | E4: Manufacturing
A5: 4 | B5: 60200 | C5: Manufacturing Supplies | D5: CC-1030 | E5: Manufacturing
A6: 5 | B6: 60300 | C6: Equipment Maintenance | D6: CC-1040 | E6: Manufacturing
A7: 6 | B7: 61100 | C7: Software Licenses | D7: CC-2010 | E7: IT
A8: 7 | B8: 61200 | C8: Cloud Infrastructure | D8: CC-2010 | E8: IT
A9: 8 | B9: 61300 | C9: IT Consulting Services | D9: CC-2020 | E9: IT
A10: 9 | B10: 61400 | C10: Hardware Purchases | D10: CC-2030 | E10: IT
A11: 10 | B11: 62100 | C11: Freight - Inbound | D11: CC-3010 | E11: Logistics
A12: 11 | B12: 62200 | C12: Freight - Outbound | D12: CC-3020 | E12: Logistics
A13: 12 | B13: 62300 | C13: Warehousing Services | D13: CC-3030 | E13: Logistics
... A21: 20 | B21: 65100 | C21: Facilities and Utilities | D21: CC-7010 | E21: Facilities

Sheet Invoices
A1: INVOICE_ID | B1: VENDOR_KEY | C1: VENDOR_ID | D1: ACCOUNT_KEY | E1: GL_ACCOUNT_ID | F1: PO_ID | G1: INVOICE_DATE_KEY | H1: INVOICE_DATE | I1: DUE_DATE_KEY | J1: DUE_DATE | K1: AMOUNT | L1: CURRENCY | M1: AMOUNT_USD | N1: STATUS | O1: IS_NON_PO_SPEND | P1: TERM_DAYS | Q1: DEPARTMENT | R1: COST_CENTER
A2: INV200001 | B2: 25 | C2: V0025 | D2: 8 | E2: 61300 | F2: PO100001 | G2: 20250404 | H2: 2025-04-04 | I2: 20250504 | J2: 2025-05-04 | K2: 5528.24 | L2: GBP | M2: 7020.86 | N2: Paid | O2: False | P2: 30 | Q2: =VLOOKUP(D2,GL_Accounts!$A$2:$E$1048576,5,FALSE) | R2: =VLOOKUP(D2,GL_Accounts!$A$2:$E$1048576,4,FALSE)
A3: INV200002 | B3: 25 | C3: V0025 | D3: 6 | E3: 61100 | F3: PO100001 | G3: 20250508 | H3: 2025-05-08 | I3: 20250607 | J3: 2025-06-07 | K3: 8889.07 | L3: GBP | M3: 11289.12 | N3: Paid | O3: False | P3: 30 | Q3: =VLOOKUP(D3,GL_Accounts!$A$2:$E$1048576,5,FALSE) | R3: =VLOOKUP(D3,GL_Accounts!$A$2:$E$1048576,4,FALSE)
A4: INV200003 | B4: 25 | C4: V0025 | D4: 7 | E4: 61200 | F4: PO100002 | G4: 20260319 | H4: 2026-03-19 | I4: 20260418 | J4: 2026-04-18 | K4: 5267.84 | L4: GBP | M4: 6690.16 | N4: Paid | O4: False | P4: 30 | Q4: =VLOOKUP(D4,GL_Accounts!$A$2:$E$1048576,5,FALSE) | R4: =VLOOKUP(D4,GL_Accounts!$A$2:$E$1048576,4,FALSE)
A5: INV200004 | B5: 21 | C5: V0021 | D5: 8 | E5: 61300 | F5: PO100003 | G5: 20250118 | H5: 2025-01-18 | I5: 20250319 | J5: 2025-03-19 | K5: 6849.11 | L5: USD | M5: 6849.11 | N5: Paid | O5: False | P5: 60 | Q5: =VLOOKUP(D5,GL_Accounts!$A$2:$E$1048576,5,FALSE) | R5: =VLOOKUP(D5,GL_Accounts!$A$2:$E$1048576,4,FALSE)
A6: INV200005 | B6: 31 | C6: V0031 | D6: 4 | E6: 60200 | F6: PO100005 | G6: 20250430 | H6: 2025-04-30 | I6: 20250530 | J6: 2025-05-30 | K6: 4526.8 | L6: USD | M6: 4526.8 | N6: Paid | O6: False | P6: 30 | Q6: =VLOOKUP(D6,GL_Accounts!$A$2:$E$1048576,5,FALSE) | R6: =VLOOKUP(D6,GL_Accounts!$A$2:$E$1048576,4,FALSE)
A7: INV200006 | B7: 31 | C7: V0031 | D7: 2 | E7: 60110 | F7: PO100005 | G7: 20250528 | H7: 2025-05-28 | I7: 20250627 | J7: 2025-06-27 | K7: 5416.46 | L7: USD | M7: 5416.46 | N7: Paid | O7: False | P7: 30 | Q7: =VLOOKUP(D7,GL_Accounts!$A$2:$E$1048576,5,FALSE) | R7: =VLOOKUP(D7,GL_Accounts!$A$2:$E$1048576,4,FALSE)
A8: INV200007 | B8: 50 | C8: V0050 | D8: 2 | E8: 60110 | F8: PO100006 | G8: 20250713 | H8: 2025-07-13 | I8: 20250812 | J8: 2025-08-12 | K8: 14014.38 | L8: USD | M8: 14014.38 | N8: Paid | O8: False | P8: 30 | Q8: =VLOOKUP(D8,GL_Accounts!$A$2:$E$1048576,5,FALSE) | R8: =VLOOKUP(D8,GL_Accounts!$A$2:$E$1048576,4,FALSE)
A9: INV200008 | B9: 48 | C9: V0048 | D9: 1 | E9: 60100 | F9: PO100007 | G9: 20241219 | H9: 2024-12-19 | I9: 20250202 | J9: 2025-02-02 | K9: 6732.35 | L9: USD | M9: 6732.35 | N9: Paid | O9: False | P9: 45 | Q9: =VLOOKUP(D9,GL_Accounts!$A$2:$E$1048576,5,FALSE) | R9: =VLOOKUP(D9,GL_Accounts!$A$2:$E$1048576,4,FALSE)
A10: INV200009 | B10: 48 | C10: V0048 | D10: 2 | E10: 60110 | F10: PO100007 | G10: 20250109 | H10: 2025-01-09 | I10: 20250223 | J10: 2025-02-23 | K10: 4688.81 | L10: USD | M10: 4688.81 | N10: Paid | O10: False | P10: 45 | Q10: =VLOOKUP(D10,GL_Accounts!$A$2:$E$1048576,5,FALSE) | R10: =VLOOKUP(D10,GL_Accounts!$A$2:$E$1048576,4,FALSE)
A11: INV200010 | B11: 31 | C11: V0031 | D11: 3 | E11: 60120 | F11: PO100009 | G11: 20250921 | H11: 2025-09-21 | I11: 20251021 | J11: 2025-10-21 | K11: 13451.28 | L11: USD | M11: 13451.28 | N11: Paid | O11: False | P11: 30 | Q11: =VLOOKUP(D11,GL_Accounts!$A$2:$E$1048576,5,FALSE) | R11: =VLOOKUP(D11,GL_Accounts!$A$2:$E$1048576,4,FALSE)
A12: INV200011 | B12: 49 | C12: V0049 | D12: 6 | E12: 61100 | F12: PO100010 | G12: 20241026 | H12: 2024-10-26 | I12: 20241125 | J12: 2024-11-25 | K12: 25324.16 | L12: USD | M12: 25324.16 | N12: Paid | O12: False | P12: 30 | Q12: =VLOOKUP(D12,GL_Accounts!$A$2:$E$1048576,5,FALSE) | R12: =VLOOKUP(D12,GL_Accounts!$A$2:$E$1048576,4,FALSE)
A13: INV200012 | B13: 12 | C13: V0012 | D13: 12 | E13: 62300 | F13: PO100011 | G13: 20250427 | H13: 2025-04-27 | I13: 20250527 | J13: 2025-05-27 | K13: 2070.99 | L13: USD | M13: 2070.99 | N13: Paid | O13: False | P13: 30 | Q13: =VLOOKUP(D13,GL_Accounts!$A$2:$E$1048576,5,FALSE) | R13: =VLOOKUP(D13,GL_Accounts!$A$2:$E$1048576,4,FALSE)
... A641: INV200640 | B641: 17 | C641: V0017 | D641: 6 | E641: 61100 | F641: PO100480 | G641: 20250306 | H641: 2025-03-06 | I641: 20250420 | J641: 2025-04-20 | K641: 11183.31 | L641: USD | M641: 11183.31 | N641: Paid | O641: False | P641: 45 | Q641: =VLOOKUP(D641,GL_Accounts!$A$2:$E$1048576,5,FALSE) | R641: =VLOOKUP(D641,GL_Accounts!$A$2:$E$1048576,4,FALSE)
A642: INV200641 | B642: 39 | C642: V0039 | D642: 17 | E642: 64100 | G642: 20260425 | H642: 2026-04-25 | I642: 20260624 | J642: 2026-06-24 | K642: 13551 | L642: CAD | M642: 10027.74 | N642: Paid | O642: True | P642: 60 | Q642: =VLOOKUP(D642,GL_Accounts!$A$2:$E$1048576,5,FALSE) | R642: =VLOOKUP(D642,GL_Accounts!$A$2:$E$1048576,4,FALSE)
A643: INV200642 | B643: 48 | C643: V0048 | D643: 3 | E643: 60120 | G643: 20250114 | H643: 2025-01-14 | I643: 20250228 | J643: 2025-02-28 | K643: 33405.09 | L643: USD | M643: 33405.09 | N643: Paid | O643: True | P643: 45 | Q643: =VLOOKUP(D643,GL_Accounts!$A$2:$E$1048576,5,FALSE) | R643: =VLOOKUP(D643,GL_Accounts!$A$2:$E$1048576,4,FALSE)
A644: INV200643 | B644: 14 | C644: V0014 | D644: 13 | E644: 62400 | G644: 20250512 | H644: 2025-05-12 | I644: 20250711 | J644: 2025-07-11 | K644: 1126.56 | L644: USD | M644: 1126.56 | N644: Paid | O644: True | P644: 60 | Q644: =VLOOKUP(D644,GL_Accounts!$A$2:$E$1048576,5,FALSE) | R644: =VLOOKUP(D644,GL_Accounts!$A$2:$E$1048576,4,FALSE)
A645: INV200644 | B645: 12 | C645: V0012 | D645: 13 | E645: 62400 | G645: 20260429 | H645: 2026-04-29 | I645: 20260529 | J645: 2026-05-29 | K645: 2144.37 | L645: USD | M645: 2144.37 | N645: Paid | O645: True | P645: 30 | Q645: =VLOOKUP(D645,GL_Accounts!$A$2:$E$1048576,5,FALSE) | R645: =VLOOKUP(D645,GL_Accounts!$A$2:$E$1048576,4,FALSE)
A646: INV200645 | B646: 1 | C646: V0001 | D646: 3 | E646: 60120 | G646: 20241128 | H646: 2024-11-28 | I646: 20241228 | J646: 2024-12-28 | K646: 5279.64 | L646: USD | M646: 5279.64 | N646: Paid | O646: True | P646: 30 | Q646: =VLOOKUP(D646,GL_Accounts!$A$2:$E$1048576,5,FALSE) | R646: =VLOOKUP(D646,GL_Accounts!$A$2:$E$1048576,4,FALSE)
A647: INV200646 | B647: 22 | C647: V0022 | D647: 9 | E647: 61400 | G647: 20251027 | H647: 2025-10-27 | I647: 20251126 | J647: 2025-11-26 | K647: 12079.03 | L647: USD | M647: 12079.03 | N647: Paid | O647: True | P647: 30 | Q647: =VLOOKUP(D647,GL_Accounts!$A$2:$E$1048576,5,FALSE) | R647: =VLOOKUP(D647,GL_Accounts!$A$2:$E$1048576,4,FALSE)
A648: INV200647 | B648: 6 | C648: V0006 | D648: 8 | E648: 61300 | G648: 20251027 | H648: 2025-10-27 | I648: 20251111 | J648: 2025-11-11 | K648: 6218.67 | L648: USD | M648: 6218.67 | N648: Paid | O648: True | P648: 15 | Q648: =VLOOKUP(D648,GL_Accounts!$A$2:$E$1048576,5,FALSE) | R648: =VLOOKUP(D648,GL_Accounts!$A$2:$E$1048576,4,FALSE)
A649: INV200648 | B649: 3 | C649: V0003 | D649: 2 | E649: 60110 | G649: 20250318 | H649: 2025-03-18 | I649: 20250502 | J649: 2025-05-02 | K649: 10012.8 | L649: USD | M649: 10012.8 | N649: Paid | O649: True | P649: 45 | Q649: =VLOOKUP(D649,GL_Accounts!$A$2:$E$1048576,5,FALSE) | R649: =VLOOKUP(D649,GL_Accounts!$A$2:$E$1048576,4,FALSE)
A650: INV200649 | B650: 34 | C650: V0034 | D650: 15 | E650: 63200 | G650: 20251221 | H650: 2025-12-21 | I650: 20260105 | J650: 2026-01-05 | K650: 530.52 | L650: EUR | M650: 572.96 | N650: Paid | O650: True | P650: 15 | Q650: =VLOOKUP(D650,GL_Accounts!$A$2:$E$1048576,5,FALSE) | R650: =VLOOKUP(D650,GL_Accounts!$A$2:$E$1048576,4,FALSE)
A651: INV200650 | B651: 19 | C651: V0019 | D651: 7 | E651: 61200 | G651: 20260529 | H651: 2026-05-29 | I651: 20260728 | J651: 2026-07-28 | K651: 9578.25 | L651: USD | M651: 9578.25 | N651: Paid | O651: True | P651: 60 | Q651: =VLOOKUP(D651,GL_Accounts!$A$2:$E$1048576,5,FALSE) | R651: =VLOOKUP(D651,GL_Accounts!$A$2:$E$1048576,4,FALSE)
A652: INV200651 | B652: 40 | C652: V0040 | D652: 13 | E652: 62400 | G652: 20250729 | H652: 2025-07-29 | I652: 20250828 | J652: 2025-08-28 | K652: 620.67 | L652: USD | M652: 620.67 | N652: Paid | O652: True | P652: 30 | Q652: =VLOOKUP(D652,GL_Accounts!$A$2:$E$1048576,5,FALSE) | R652: =VLOOKUP(D652,GL_Accounts!$A$2:$E$1048576,4,FALSE)
A653: INV200652 | B653: 63 | C653: V0043 | D653: 8 | E653: 61300 | G653: 20260506 | H653: 2026-05-06 | I653: 20260521 | J653: 2026-05-21 | K653: 2201.89 | L653: USD | M653: 2201.89 | N653: Unpaid | O653: True | P653: 15 | Q653: =VLOOKUP(D653,GL_Accounts!$A$2:$E$1048576,5,FALSE) | R653: =VLOOKUP(D653,GL_Accounts!$A$2:$E$1048576,4,FALSE)
... A659: INV200658 | B659: 28 | C659: V0028 | D659: 16 | E659: 63300 | G659: 20260131 | H659: 2026-01-31 | I659: 20260401 | J659: 2026-04-01 | K659: 5448.27 | L659: USD | M659: 5448.27 | N659: Paid | O659: True | P659: 60 | Q659: =VLOOKUP(D659,GL_Accounts!$A$2:$E$1048576,5,FALSE) | R659: =VLOOKUP(D659,GL_Accounts!$A$2:$E$1048576,4,FALSE)
A660: INV200659 | B660: 7 | C660: V0007 | D660: 6 | E660: 61100 | F660: PO100074 | G660: 20251020 | H660: 2025-10-20 | I660: 20251204 | J660: 2025-12-04 | K660: 3831.27 | L660: USD | M660: 3831.27 | N660: Paid | O660: False | P660: 45 | Q660: =VLOOKUP(D660,GL_Accounts!$A$2:$E$1048576,5,FALSE) | R660: =VLOOKUP(D660,GL_Accounts!$A$2:$E$1048576,4,FALSE)
A661: INV200660 | B661: 48 | C661: V0048 | D661: 4 | E661: 60200 | F661: PO100225 | G661: 20250513 | H661: 2025-05-13 | I661: 20250627 | J661: 2025-06-27 | K661: 3873.59 | L661: USD | M661: 3873.59 | N661: Paid | O661: False | P661: 45 | Q661: =VLOOKUP(D661,GL_Accounts!$A$2:$E$1048576,5,FALSE) | R661: =VLOOKUP(D661,GL_Accounts!$A$2:$E$1048576,4,FALSE)
A662: INV200661 | B662: 48 | C662: V0048 | D662: 3 | E662: 60120 | F662: PO100131 | G662: 20250526 | H662: 2025-05-26 | I662: 20250710 | J662: 2025-07-10 | K662: 3074.08 | L662: USD | M662: 3074.08 | N662: Paid | O662: False | P662: 45 | Q662: =VLOOKUP(D662,GL_Accounts!$A$2:$E$1048576,5,FALSE) | R662: =VLOOKUP(D662,GL_Accounts!$A$2:$E$1048576,4,FALSE)
A663: INV200662 | B663: 60 | C663: V0001 | D663: 1 | E663: 60100 | F663: PO100105 | G663: 20260813 | H663: 2026-08-13 | I663: 20260927 | J663: 2026-09-27 | K663: 7731.38 | L663: USD | M663: 7731.38 | N663: Unpaid | O663: False | P663: 45 | Q663: =VLOOKUP(D663,GL_Accounts!$A$2:$E$1048576,5,FALSE) | R663: =VLOOKUP(D663,GL_Accounts!$A$2:$E$1048576,4,FALSE)
A664: INV200663 | B664: 40 | C664: V0040 | D664: 10 | E664: 62100 | F664: PO100196 | G664: 20250104 | H664: 2025-01-04 | I664: 20250203 | J664: 2025-02-03 | K664: 1552.99 | L664: USD | M664: 1552.99 | N664: Paid | O664: False | P664: 30 | Q664: =VLOOKUP(D664,GL_Accounts!$A$2:$E$1048576,5,FALSE) | R664: =VLOOKUP(D664,GL_Accounts!$A$2:$E$1048576,4,FALSE)
A665: INV200664 | B665: 9 | C665: V0009 | D665: 7 | E665: 61200 | F665: PO100173 | G665: 20250923 | H665: 2025-09-23 | I665: 20251008 | J665: 2025-10-08 | K665: 3103.72 | L665: USD | M665: 3103.72 | N665: Paid | O665: False | P665: 15 | Q665: =VLOOKUP(D665,GL_Accounts!$A$2:$E$1048576,5,FALSE) | R665: =VLOOKUP(D665,GL_Accounts!$A$2:$E$1048576,4,FALSE)
A666: INV200665 | B666: 35 | C666: V0035 | D666: 8 | E666: 61300 | F666: PO100376 | G666: 20260214 | H666: 2026-02-14 | I666: 20260316 | J666: 2026-03-16 | K666: 2335.37 | L666: GBP | M666: 2965.92 | N666: Paid | O666: False | P666: 30 | Q666: =VLOOKUP(D666,GL_Accounts!$A$2:$E$1048576,5,FALSE) | R666: =VLOOKUP(D666,GL_Accounts!$A$2:$E$1048576,4,FALSE)
A667: INV200666 | B667: 42 | C667: V0042 | D667: 18 | E667: 64200 | F667: PO100070 | G667: 20250812 | H667: 2025-08-12 | I667: 20250926 | J667: 2025-09-26 | K667: 22823.14 | L667: USD | M667: 22823.14 | N667: Paid | O667: False | P667: 45 | Q667: =VLOOKUP(D667,GL_Accounts!$A$2:$E$1048576,5,FALSE) | R667: =VLOOKUP(D667,GL_Accounts!$A$2:$E$1048576,4,FALSE)
A668: INV200667 | B668: 16 | C668: V0016 | D668: 18 | E668: 64200 | F668: PO100279 | G668: 20260603 | H668: 2026-06-03 | I668: 20260703 | J668: 2026-07-03 | K668: 4914.88 | L668: USD | M668: 4914.88 | N668: Paid | O668: False | P668: 30 | Q668: =VLOOKUP(D668,GL_Accounts!$A$2:$E$1048576,5,FALSE) | R668: =VLOOKUP(D668,GL_Accounts!$A$2:$E$1048576,4,FALSE)
A669: INV200668 | B669: 40 | C669: V0040 | D669: 13 | E669: 62400 | F669: PO100045 | G669: 20260224 | H669: 2026-02-24 | I669: 20260326 | J669: 2026-03-26 | K669: 1415.49 | L669: USD | M669: 1415.49 | N669: Paid | O669: False | P669: 30 | Q669: =VLOOKUP(D669,GL_Accounts!$A$2:$E$1048576,5,FALSE) | R669: =VLOOKUP(D669,GL_Accounts!$A$2:$E$1048576,4,FALSE)
A670: INV200669 | B670: 9 | C670: V0009 | D670: 9 | E670: 61400 | F670: PO100072 | G670: 20250129 | H670: 2025-01-29 | I670: 20250213 | J670: 2025-02-13 | K670: 5523.49 | L670: USD | M670: 5523.49 | N670: Paid | O670: False | P670: 15 | Q670: =VLOOKUP(D670,GL_Accounts!$A$2:$E$1048576,5,FALSE) | R670: =VLOOKUP(D670,GL_Accounts!$A$2:$E$1048576,4,FALSE)
A671: INV200670 | B671: 18 | C671: V0018 | D671: 10 | E671: 62100 | F671: PO100129 | G671: 20250823 | H671: 2025-08-23 | I671: 20250922 | J671: 2025-09-22 | K671: 1471.28 | L671: USD | M671: 1471.28 | N671: Paid | O671: False | P671: 30 | Q671: =VLOOKUP(D671,GL_Accounts!$A$2:$E$1048576,5,FALSE) | R671: =VLOOKUP(D671,GL_Accounts!$A$2:$E$1048576,4,FALSE)
... A673: INV200672 | B673: 24 | C673: V0024 | D673: 17 | E673: 64100 | F673: PO100474 | G673: 20241127 | H673: 2024-11-27 | I673: 20241212 | J673: 2024-12-12 | K673: 8928.64 | L673: USD | M673: 8928.64 | N673: Paid | O673: False | P673: 15 | Q673: =VLOOKUP(D673,GL_Accounts!$A$2:$E$1048576,5,FALSE) | R673: =VLOOKUP(D673,GL_Accounts!$A$2:$E$1048576,4,FALSE)

Sheet CostCenter_Detail
A1: Actual Spend by Cost Center
A3: Department | B3: Cost Center | C3: Actual
A4: Corporate | B4: CC-5010 | C4: =SUMIFS(Invoices!$M$2:$M$673,Invoices!$Q$2:$Q$673,$A4,Invoices!$R$2:$R$673,$B4)
A5: Facilities | B5: CC-7010 | C5: =SUMIFS(Invoices!$M$2:$M$673,Invoices!$Q$2:$Q$673,$A5,Invoices!$R$2:$R$673,$B5)
A6: Finance | B6: CC-4010 | C6: =SUMIFS(Invoices!$M$2:$M$673,Invoices!$Q$2:$Q$673,$A6,Invoices!$R$2:$R$673,$B6)
A7: Finance | B7: CC-4020 | C7: =SUMIFS(Invoices!$M$2:$M$673,Invoices!$Q$2:$Q$673,$A7,Invoices!$R$2:$R$673,$B7)
A8: HR | B8: CC-6010 | C8: =SUMIFS(Invoices!$M$2:$M$673,Invoices!$Q$2:$Q$673,$A8,Invoices!$R$2:$R$673,$B8)
A9: IT | B9: CC-2010 | C9: =SUMIFS(Invoices!$M$2:$M$673,Invoices!$Q$2:$Q$673,$A9,Invoices!$R$2:$R$673,$B9)
A10: IT | B10: CC-2020 | C10: =SUMIFS(Invoices!$M$2:$M$673,Invoices!$Q$2:$Q$673,$A10,Invoices!$R$2:$R$673,$B10)
A11: IT | B11: CC-2030 | C11: =SUMIFS(Invoices!$M$2:$M$673,Invoices!$Q$2:$Q$673,$A11,Invoices!$R$2:$R$673,$B11)
A12: Logistics | B12: CC-3010 | C12: =SUMIFS(Invoices!$M$2:$M$673,Invoices!$Q$2:$Q$673,$A12,Invoices!$R$2:$R$673,$B12)
A13: Logistics | B13: CC-3020 | C13: =SUMIFS(Invoices!$M$2:$M$673,Invoices!$Q$2:$Q$673,$A13,Invoices!$R$2:$R$673,$B13)
A14: Logistics | B14: CC-3030 | C14: =SUMIFS(Invoices!$M$2:$M$673,Invoices!$Q$2:$Q$673,$A14,Invoices!$R$2:$R$673,$B14)
A15: Manufacturing | B15: CC-1010 | C15: =SUMIFS(Invoices!$M$2:$M$673,Invoices!$Q$2:$Q$673,$A15,Invoices!$R$2:$R$673,$B15)
... A18: Manufacturing | B18: CC-1040 | C18: =SUMIFS(Invoices!$M$2:$M$673,Invoices!$Q$2:$Q$673,$A18,Invoices!$R$2:$R$673,$B18)
A19: Total | C19: =SUM(C4:C18)
